CREATE TABLE training(
    id INTEGER PRIMARY KEY,
    date DATE NOT NULL
);

CREATE TABLE exercise(
    name VARCHAR(255) PRIMARY KEY
);

CREATE TABLE level(
    name VARCHAR(255) PRIMARY KEY,
    description TEXT NOT NULL,
    easy VARCHAR(10) NOT NULL,
    middle VARCHAR(10) NOT NULL,
    pro VARCHAR(10) NOT NULL,
    pk_exercise VARCHAR(255) NOT NULL,
    FOREIGN KEY(pk_exercise) REFERENCES exercise(name)
);

CREATE TABLE photo(
    filepath VARCHAR(255) PRIMARY KEY,
    pk_level VARCHAR(255) NOT NULL,
    FOREIGN KEY(pk_level) REFERENCES level(name)
);

CREATE TABLE exercise_repetitions(
    id INTEGER PRIMARY KEY,
    pk_training INTEGER NOT NULL,
    pk_exercise VARCHAR(255) NOT NULL,
    pk_level VARCHAR(255) NOT NULL,
    repetitions VARCHAR(50) NOT NULL,
    FOREIGN KEY(pk_training) REFERENCES training(id),
    FOREIGN KEY(pk_exercise) REFERENCES exercise(name),
    FOREIGN KEY(pk_level) REFERENCES level(name)
);

INSERT INTO exercise(name)
VALUES
('отжимания'),
('подтягивания'),
('приседания'),
('пресс'),
('стойка'),
('мостик');

INSERT INTO level(name, description, easy, middle, pro, pk_exercise)
VALUES
('уровень 1: отжимания от стены',
 'Встаньте лицом к стене. Держите ноги сомкнутыми, упритесь ладонями в стену. Это начальная позиция. Ваши руки должны быть выпрямлены и находиться на ширине плеч, на уровне груди. Сгибайте плечи и локти до тех пор, пока не коснётесь лбом стены. Это конечная позиция. Отожмитесь от стены в начальную позицию и повторите.',
 '1x10',
 '2x25',
 '3x50',
 'отжимания'),

('уровень 2: отжимания в наклоне',
 'Для выполнения этого упражнения вам потребуется найти безопасный объект или предмет мебели, который высотой примерно с половину вашего роста - желательно чтобы он достигал средней точки вашего тела (округлённо на уровне бёдер). Хорошим вариантом может быть стол, высокий стул, верстак, столешница, низкая стенка или сплошной забор. В большинстве тюрем, я заметил, раковина умывальника в камере прекрасно соответствуют размерам - но убедитесь, что она достаточно прочна для соответствия требованиям упражнения. Держа ноги сомкнутыми, а тело ровным, наклонитесь над объектом и упритесь в него прямыми руками на ширине плеч. Это начальная позиция упражнения и - если объект достигает середины вашего тела - вы должны находиться под углом около 45 градусов от пола. Сгибая локти и плечи, двигайте тело вниз пока ваш торс не коснётся мягко поверхности объекта. Задержитесь ненадолго внизу перед тем как отжаться назад в стартовую позицию и повторите.',
 '1x10',
 '2x20',
 '3x40',
 'отжимания'),

('уровень 3: отжимания на коленях',
 'Опуститесь на колени на пол, ноги держите вместе, ладонями упритесь в пол перед собой. Руки должны быть прямыми, на ширине плеч, и находиться на одной линии с грудью. Перекрестите стопы и удерживайте бёдра выровненными относительно туловища и головы. Это начальная позиция. Используя колени как центр вращения, сгибайте плечи и локти пока грудная клетка не окажется примерно на высоте кулака над полом. Задержитесь и отожмитесь назад в начальную позицию, затем повторите.',
 '1x10',
 '2x15',
 '3x30',
 'отжимания'),

('уровень 4: неполные отжимания',
 'Из позиции стоя на коленях поместите ладони на пол и вытяните ноги от себя. Ваши руки должны быть на ширине плеч и точно ниже верха грудной клетки. Ваши стопы и ноги должны быть сомкнуты вместе. Напрягите удерживающие мышцы таким образом, чтобы спина, бёдра и ноги оставались на одной линии. Начиная с прямых рук, опускайтесь приблизительно на половину высоты выпрямленных рук или пока локти не примут форму прямого угла. Отличным способом установить глубину опускания является использование стандартного баскетбольного или футбольного мяча. Разместитесь над мячом в верхней позиции движения так, чтобы мяч находился точно под пахом. Это начальная позиция. Сгибайте плечи и локти пока ваши бёдра не коснутся мяча. Для большинства людей это будет хорошим, объективным индикатором правильной нижней позиции. Задержитесь перед силовым отжиманием назад в начальную позицию.',
 '1x8',
 '2x12',
 '2x25',
 'отжимания'),

('уровень 5: полные отжимания',
 'Встань на колени, положи ладони на пол и вытяни ноги назад. Сожми бёдра и стопы вместе, убедись, что ладони находятся в нижней части грудной клетки на ширине плеч. Выпрями руки. Бёдра и позвоночник должны быть на одной прямой линии. Это начальная позиция. Сгибай руки в локтях пока грудная клетка не окажется на высоту кулака от пола. В тюремных соревнования по отжиманиям, «счетчик» ставит кулак на пол мизинцем вниз и засчитывает когда атлет касается грудью большого пальца. Если ты тренируешься один и хочешь поддерживать правильную глубину, поставь бейсбольный или теннисный мяч точно пониже груди. Как поцелуешь грудью мяч - сделай паузу и отожмись вверх.',
 '1x5',
 '2x10',
 '2x20',
 'отжимания'),

('уровень 6: узкие отжимания',
 'Начинай эту технику из того же верхнего положения, что и полные отжимания (Уровень 5), но руки касаются друг друга. Тебе не обязательно накладывать руки друг на друга или делать «бриллиант» между большими и указательными пальцами рук, достаточно чтобы кончики указательных пальцев касались. Из позиции с выпрямленными руками, опускайся пока грудью слегка не коснёшься обратной стороны ладоней. Задержись ненадолго перед отжиманием назад в начальное положение.',
 '1x5',
 '2x10',
 '2x20',
 'отжимания'),

('уровень 7: разновысокие отжимания',
 'Прими классическую позицию для отжиманий, стопы сомкнуты, ноги, бёдра, спина выровнены и руки выпрямлены с ладонями на полу на уровне нижней части грудной клетки. Опираясь на одну руку помести другую руку на баскетбольный мяч. Обе руки должны быть непосредственно под плечами для равновесия. Это начальное положение. Когда найдёшь положение равновесия сделай всё возможное, чтобы равномерно распределить свой вес на обе руки. Сначала это покажется непросто, прояви упорство. Сгибай в локтях руки пока грудью не коснёшься той руки, которая на мяче. Задержись недолго перед отжиманием назад в начальную позицию.',
 '1x5',
 '2x10',
 '2x20',
 'отжимания'),

('уровень 8: неполные отжимания на одной руке',
 'Займи верхнюю позицию половинных отжиманий с баскетбольным мячом помещённым под пах, как описано на Уровне 4. Упрись одной рукой в пол напротив груди, а другую руку заведи за спину и положи на поясницу. Это начальная позиция. Сгибай руку пока не коснёшься мяча. Это конечная позиция. Задержись и отожмись назад в начальную позицию. Если трицепсы слабые, у тебя появится тенденция к скручиванию тела при движении. Не делай так - тело всегда должно быть полностью прямым. Это справедливо для всех отжиманий.',
 '1x5',
 '2x10',
 '2x20',
 'отжимания'),

('уровень 9: отжимания на одной руке с поддержкой',
 'Прими позу для отжиманий, когда тело выпрямлено и удерживается ногами и одной рукой упирающейся в пол на уровне груди. Помести свободную руку на баскетбольный мяч, который вынесен в сторону от тела. Он должен быть так далеко от тела, насколько можешь отодвинуть его пока ладонь ещё держится на нём. Обе руки должны быть выпрямлены. Это начальная позиция. Медленно, контролируя своё движение опускайся вниз пока грудь не окажется на высоте кулака от пола. Как и в полных отжиманиях можешь использовать бейсбольный или теннисный мячик для проверки глубины если занимаешься один. Опускание тела будет заставлять мяч откатываться дальше в сторону. Задержись ненадолго в нижнем положении, затем отожмись в начальное положение.',
 '1x5',
 '2x10',
 '2x20',
 'отжимания'),

('уровень 10: отжимания на одной руке',
 'Опустись на колени, поставь ладонь на пол прямо перед собой. Вытягивай ноги назад, пока они не выпрямятся и не упрёшься на носки. Держи позвоночник и бёдра выровненными и перемести вес тела так, чтобы твоя поддерживающая рука выпрямилась точно под грудной клеткой - без смещения вбок или вперёд от себя. Как найдёшь равновесие, заведи свободную за спину на поясницу. Это начальная позиция. Сгибай руку в локте, опускайся полностью контролируя движение, пока челюсть не окажется приблизительно на высоте кулака от пола. Задержись на мгновение перед тем как отжаться в исходную позицию.',
 '1x5',
 '2x10',
 '1x100',
 'отжимания'),

('уровень 1: приседания в стойке на плечах',
 'Лягте на спину с согнутыми коленями. Оттолкнитесь от пола, поддержите руками свои ноги и остановитесь в воздухе. Как достигните это положение, то поместите руки на поясницу для поддерживания, держа плечи твердо на полу. Вы теперь будете в положении плечами на полу, опираясь плечами и верхней частью спины, а так же задними поверхностью плеч. Не забывайте постоянно поддерживать свой вес и удерживать давление от шеи. Ваше тело должно быть зафиксировано в прямом положении прямо, не сгибаясь в бедрах. Это - исходное положение. Держа туловище максимально вертикально, согнитесь в бедрах и коленях, пока колени не коснутся лба. Это - конечное положение. Выпрямитесь и вернитесь в исходное положение. Повторите упражнение.',
 '1x10',
 '2x25',
 '3x50',
 'приседания'),

('уровень 2: приседания "Складной нож"',
 'Встаньте перед крепким объектом, который вровень с вашими коленями, или по крайней мере выше голеней. Маленький журнальный столик, стул или койка - хороший выбор. Ваши ноги должны быть на ширине плеч, или немного шире. Держа ноги довольно прямо, согнитесь в бедрах, пока ваши ладони не дотронутся с объектом. Наклонитесь вперед немного так, чтобы вы могли перенести часть веса своего тела на ваши руки. Это - исходное начальное положение. Теперь, сохраняя туловище максимально параллельным полу, согнитесь в коленях и бедрах, пока ваши подколенные сухожилия не достигают ваших голеней, и вы не можете пойти дальше. Это потребует сгибания руки. Это - конечное положение. Используя совместную силу ног и рук, поднимитесь в исходное положение. Во время выполнения упражнения, не поднимайте пятки ни в коем случае.',
 '1x10',
 '2x20',
 '3x40',
 'приседания'),

('уровень 3: приседания с поддержкой',
 'Встаньте прямо, ноги на ширине плеч, или немного шире. Ваши руки должны не выставляться прямо и опущены вниз, держась за опору выше, чем ваши бедра. Подойдет стол, бассейн или спинка стула. Это - исходное положение. Медленно опускайтесь, сгибаясь в бедрах и коленях, держа спину максимально прямо, пока ваши подколенные сухожилия не соприкоснутся с голенями, и вы не можете спускаться дальше. Это - конечное положение. Пауза на мгновение, прежде, чем поднять себя посредством, главным образом. силой ног. Чтобы снять часть тяжести с ног, особенно в нижнем напряженном положении, помогите себе немного руками, опираясь об предмет, за который вы держитесь. Пытайтесь держать руки прямо. Ваши пятки должны касаться всей плоскостью пола во время выполнения всего упражнения.',
 '1x10',
 '2x15',
 '3x30',
 'приседания'),

('уровень 4: неполные приседания',
 'Поставьте ноги на ширине плеч, или немного шире. Не жестко держитесь на ногах, поставьте ноги так, что бы пальцы ног указывали немного наружу. Поставьте руки в удобное положение - на бедра, грудь или плечи. Это - исходная позиция. Теперь сгибаемся в бедрах и коленях, пока ваши колени не образуют угол в 90 градусов, или (другими словами) ваши бедра не станут , параллельны полу. Это - крайнее положение. Вы можете использовать зеркало или попросить друга в первые несколько раз, пока ваше тело не выучит правильную глубину приседания. Не спеша, оттачивайте технику, и никогда не подпрыгивайте; пауза в нижнем положении на один счет прежде, чем возвратиться в исходное положение под полным мускульным контролем. Всегда держите спину прямо и держите ваши пятки плашмя на полу. Ваши колени должны всегда показывать туда же, что и ваши ступни; когда вы приседаете, никогда не позволяйте коленям «заваливаться» внутрь, края ваших пальцев ног помогут следить за этим.',
 '1x8',
 '2x35',
 '3x50',
 'приседания'),

('уровень 5: полные приседания',
 'Встаньте, ноги на ширине плеч или немного шире, в зависимости от вашего предпочтения. Поверните пальцы ног немного и поместите руки в удобное положение. Это - начало движения. Согнитесь в бедрах и коленях, держа спину прямо. Когда ваши бедра достигнут приблизительно параллельно полу, вес перемещается назад, как будто вы собрались сесть. Продолжайте спускаться на той скорости, какой вы можете управлять, пока задняя поверхность бедер не будут лежать на ваших голенях. Это - крайнее положение. Делаем паузу на мгновение прежде, держим себя только силой ног. Изменяете свое положение, делая восходящее движение. Не поднимайте пятки и не позволяйте коленям заваливаться внутрь.',
 '1x5',
 '2x10',
 '2x30',
 'приседания'),

('уровень 6: узкие приседания',
 'Встаньте прямо, пятки вместе, пальцы ног чуть повернуты. Ваши руки должны быть прямо перед вашей грудью. Это исходное положение. Сгибайтесь в коленях и бедрах, пока ваши подколенные сухожилия не обопрутся на ваши голени и вы не можете опуститься далее. Ваша грудь будет наклонена к вашим бедрам. Не поднимайте пятки. Чтобы препятствовать опрокидыванию назад, вам, вероятно, придется согнуть ваши голени, подтянуть ваши пальцы ног так, чтобы наклонится вперед. Возвратитесь в исходное положение используя только силу ног.',
 '1x5',
 '2x10',
 '2x20',
 'приседания'),

('уровень 7: разновысокие приседания',
 'Встаньте прямо с одной ногой на пол, и другой твердо опирайтесь на баскетбольный мяч, расположенный приблизительно на один фут перед другой ногой. Ноги должны быть на ширине плеч, врозь или немного шире. Ваши руки должны быть перед вами, прямо напротив вашей груди. Это исходное положение. Сгибайтесь в коленях и бедра, пока в задней части бедра ноги - мяч коснется соответствующей икры. Вы не сможете опуститься дальше, несмотря на тот факт, что ногой мяч сжат не много. Это конечная позиция. Во время обучения эту позицию, вы можете слегка отклониться назад, поэтому убедитесь, что у вас есть достаточно свободное пространство позади вас на всякий случай. Это относится ко всем глубоким приседаниям. Краткая пауза, перед поднятием себя обратно до начальной позиции с обеих ног. Ни в одной точке в ходе упражнения не должны подниматься пятки, наклонятся вперед или сильно отталкиваться , несмотря на то, что вы можете инстинктивно хотеть сделать это в начале движения. Используйте силу.',
 '1x5',
 '2x10',
 '2x20',
 'приседания'),

('уровень 8: неполные приседания на одной ноге',
 'Встаньте прямо, одну ногу поставьте на пол, а другую держите в воздухе перед собой. Поднятая ступня находится примерно на уровне бедра опорной ноги. Ноги должны быть прямыми, или около того. Расположите руки перед грудной клеткой. Это исходное положение. Сгибайтесь в тазобедренном суставе, сгибайте опорную ногу, поддерживающую вес, в колене, пока голень и бедро не образуют угол в 90 градусов. Бедро параллельно полу, при этом поднятая нога все еще над полом. Это заключительное положение. На мгновение задержитесь в напряжением, прежде, чем двигаться вверх, используя силу опорной ноги. Спину держите прямо, а пятка опорной ноги не должна отрываться от пола.',
 '1x5',
 '2x10',
 '2x20',
 'приседания'),

('уровень 9: приседания на одной ноге с поддержкой',
 'Поместите баскетбольный мяч рядом со стопой ноги, мышцы которой вы планируете проработать. Встаньте прямо, одну стопу поставьте на пол, а другую поднимите перед собой, как при половинных приседаниях (уровень 8). Руку, соответствующую свободной ноге, расположите перед собой, а вторая пусть останется свободно протянутой вдоль туловища. Согните ноги в тазобедренном и коленном суставах опорной ноги, пока бедра не коснутся голени, и вы не сможете больше опуститься. Положите руку на баскетбольный мяч. Это заключительное положение. Для того, чтобы вернуться в положение стоя используйте в основном силы ног, но можно опираться на мяч, чтобы помочь в преодолении первых нескольких дюймов. Держите пятки прижатыми к полу.',
 '1x5',
 '2x10',
 '2x20',
 'приседания'),

('уровень 10: приседания на одной ноге',
 'Встаньте прямо. Поднимите одну ногу, пока она не будет примерно одном уровне с бедрами. Держите ногу как можно более прямо. Это не будет слишком трудно при условии, что вы освоили предыдущие шаги. Поместите руки непосредственно перед грудной клеткой. Это исходное положение. Согните опорную ногу в колене и тазобедренном суставе. Контролируйте свой спуск, не позволяйте себе просто упасть. Опускайтесь медленно и равномерно, пока задняя поверхность бедра опорной ноги не прижмется к голени, и вы не сможете продолжить. Торс также будет плотно прилегать к бедру опорной ноги. Это заключительное положение. Пауза после первого повторения оставайтесь в напряжении. Теперь плавно разгибайте ногу до начального положения, используя силу ног. Не должно быть резких толчков вверх. Спина в прямом положении, ногу старайтесь держать над полом и пятки прилегают к полу. Пауза наверху. Начинайте следующее повторение.',
 '1x5',
 '2x10',
 '2x50',
 'приседания'),

('уровень 1: вертикальные подтягивания',
 'Найдите что-нибудь, за что можно держаться. Эта опора должна быть стойкой и позволять безопасно держатся за неё: прекрасно подойдут стенка дверного проёма или высокие, на уровне груди, перила. Встаньте близко к опоре - пальцы ног должны быть примерно в 7-15 см от него. Возьмитесь за объект удобным хватом. Руки лучше всего держать на ширине плеч, но подойдёт любое симметричное положение. Это стартовая позиция. Из-за вашей близости к опоре, руки будут согнуты. Теперь позвольте своему телу переместиться назад под собственным весом, откидываясь назад. Распрямляйте руки, пока они не станут почти прямыми, а тело не будет расположено по диагонали. Это завершающая позиция. В этой точке надо прочувствовать мягкое тянущее чувство в верхнем отделе спины и возможно, в руках. Подождите секунду перед тем, как тянуть себя в стартовую позицию, и сводя лопатки и сгибая руки, вернитесь в неё. Секундная пауза и всё с начала.',
 '1x10',
 '2x20',
 '3x40',
 'подтягивания'),

('уровень 2: горизонтальные подтягивания',
 'Найдите горизонтальную опору, которая спокойно выдержит ваш вес. Она должна быть хотя бы на высоте ягодиц. Подойдёт край большого, прочного стола - это отличный вариант. Расположитесь снизу этой опоры и возьмитесь за её край руками прямым хватом. В идеале руки должны быть на ширине плеч, но это не всегда возможно, всё зависит от того, что за стол у вас в распоряжении.Теперь подтянитесь, чтоб спина оторвалась от пола. Возможно, высота стола будет такова, что придётся слегка согнуть руки. Держите своё тело напряжённым и вытянутым в одну линию, так что вес тела давит только на ладони и пятки. Это стартовая позиция. Теперь медленно подтягивайте себя, держа тело (особенно колени) вытянутым в линию, пока грудь не коснётся края стола на том же уровне, что и ваши руки. Это конечная позиция. Задержитесь наверху на секудну, прежде чем опускаться вниз. Повторить.',
 '1x10',
 '2x20',
 '3x30',
 'подтягивания'),

('уровень 3: подтягивания "Складной нож"',
 'Для выполнения этого упражнения вам потребуется высокая перекладина и стул с высокой спинкой, или нечто похожее, расположенное перед перекладиной. Руки следует держать примерно на ширине плеч, прямым хватом. Работая на перекладине, всегда держите плечи напряжёнными. Не расслабляйте руки до конца, держите их в напряжении и сохраняйте маленький изгиб локтей. Теперь поднимите ноги и положите их икрами около лодыжек на объект, расположенный перед турником. Этот объект должен быть расположен так, чтоб вы могли выпрямить ноги. В идеале, он должен быть достаточно высоким, чтоб стопы ваших прямых ног были напротив таза - вот мы и похожи на складной нож. Это стартовое положение. Теперь медленно подтянитесь, слегка нажимая ногами на стул, чтоб облегчить рукам работу. Когда подбородок пересечёт линию перекладины - вы в конечной позиции. Сделайте короткую паузу перед тем, как опускаться, чот бы сделать это с максимальным контролем. Будьте осторожны при окончании подхода и не работайте до отказа. Если ваша хватка ослабнет до того, как ноги будут чётко под вами, вы рискуете очень неприятно упасть.',
 '1x10',
 '2x15',
 '3x20',
 'подтягивания'),

('уровень 4: неполные подтягивания',
 'Используется горизонтальная перекладина. Она должна быть достаточно высокой, чтоб в висе, в выпрямленном положении ноги не касались пола, были выше хотя бы на пару сантиметров. Держите руки прямым хватом на ширине плеч или чуть шире. Подпрыгните и ухватитесь за перекладину так, чтоб руки были согнуты примерно на 90 градусов (верхняя часть рук параллельна полу). Слегка согните ноги и сцепите их в лодыжках, чтоб исключить помощь ног при движении. Это стартовое положение. Медленно подтяните себя вверх, сгибая плечи и локти, пока подбородок не пересечёт линию перекладины. Это конечное положение. Позвольте своим локтям уйти вперёд, если это для вас комфортно. Задержитесь на мгновение перед спуском в стартовое положение, чтобы полностью его контролировать. Повторить. При выполнении этого упражнения ноги должны не двигаться в течении всего движения.',
 '1x8',
 '2x11',
 '2x15',
 'подтягивания'),

('уровень 5: полные подтягивания',
 'Возьмитесь за перекладину прямым хватом, руки на ширине плеч. Допускается хват чуть шире - экспериментируйте, ищите положение, в котором сила раскрывается максимально. Согните колени и сцепите ноги в лодыжках. Ноги не должны касаться пола. Напрягитесь, держите плечи собранными и чуть-чуть (почти незаметно) согните локти, чтоб перенести с них нагрузку на мышцы. Это стартовое положение. Сгибайте локти и плечи, пока подбородок не пересечёт перекладину. Это конечное положение. Наслаждайтесь видами! Задержитесь на мгновение, прежде чем проделать всё то же самое в обратном порядке под полным контролем. Не делайте взрывных движений - то есть, не полагайтесь на инерцию. Правильная техника для укрепления мышц - плавная и медленная. Постарайтесь, чтоб на подъёмы и спуски уходило по две секунды, а в верхнем и нижнем положении - по секунде.',
 '1x5',
 '2x8',
 '2x10',
 'подтягивания'),

('уровень 6: узкие подтягивания',
 'Подпрыгните и ухватитесь за перекладину прямым хватом. Руки должны быть рядом - максимум в 10 сантиметрах друг от друга, если слишком близкий хват вызывает дискомфорт в суставах. Согните колени и сцепите ноги, как обычно, чтоб вывести их из движения. Подогните локти и держите плечи собранными. Это стартовая позиция. Сгибайте локти и плечи, медленно поднимайтесь вверх, пока подбородок не пересечёт перекладину. Это конечное положение. Задержитесь на мгновение и медленно опускайтесь в начальное положение. Пауза и повтор. Постарайтесь снизить движения ног до минимума.',
 '1x5',
 '2x8',
 '2x10',
 'подтягивания'),

('уровень 7: разновысокие подтягивания',
 'Возьмитесь за перекладину одной рукой. Боковой или обратный хват, вероятно, будет более комфортен, чем классический прямой. Теперь возьмитесь другой рукой за запястье рабочей руки. Большой палец руки, держащей рабочую руку должен быть под ладонью. Ноги должны висеть в воздухе, колени согнуты, лодыжки скрещены. Плечи всё время собраны. Рабочая рука прямая за исключением лёгкого изгиба локтя. Другая рука согнута сильно. Локти спереди. Это начальное положение. Сгибайте локти и плечи и медленно подтягивайтесь, пока подбородок не пересечёт перекладину. Это конечное положение. Задержитесь наверху и медленно спускайтесь в стартовое положение. Пауза и повтор.',
 '1x5',
 '2x7',
 '2x9',
 'подтягивания'),

('уровень 8: неполные подтягивания на одной руке',
 'Возьмитесь за перекладину одной рукой, используя свой наиболее сильный хват. Для кого-то это будет прямой хват, для кого-то - боковой или обратный. Для большинства идеальным будет использовать висящее гимнастическое кольцо. Вторую руку разместите туда, куда вам будет удобнее: большинство моих учеников предпочитали держать её на весу, сам я предпочитаю держать её за спиной, как при отжимании на одной руке. Сойдёт любая комфортная позиция. Расположите себя (прыжком, киппингом или при помощи стула) так, чтоб рабочая рука была согнута наполовину. Локоть должен быть расположен примерно под прямым углом, плечо параллельно полу. Ноги не должны касаться пола и скрещы сзади, как в предыдущих шагах. Плечо рабочей руки должно быть собрано, всё тело напряжено. Это начальное положение. Сгибайте локоть и плечо и плавно подтягивайтесь, пока подбородок не коснётся перекладины. Это конечное положение. Задержитесь наверху и медленно опускайтесь в начальное положение. Пауза и повтор.',
 '1x4',
 '2x6',
 '2x8',
 'подтягивания'),

('уровень 9: подтягивания на одной руке с поддержкой',
 'Повесьте на перекладину полотенце. Возьмитесь за перекладину своим сильнейшим хватом так, чтоб полотенце оказалось со внутренней стороны руки. Другой рукой возьмитесь за полотенце так низко, как это возможно - для большинства атлетов нормой будет уровень глаз. Согните колени, скрестите ноги. Плечи собраны, рука, держащаяся за перекладину слегка согнута. Это начальное положение. Начинайте подтягивание. В первой половине движения - пока локоть рабочей руки не согнётся под прямым углом - помогайте себе, подтягиваясь другой рукой зав полотенце. Во второй половине - отпускайте полотенце и продолжайте подтягиваться одной рукой, пока подбородок не достанет перекладины. Задержитесь на мгновение и опускайтесь вниз, используя только одну руку. В нижней позиции снова возьмитесь за полотенце. Пауза и продолжайте.',
 '1x3',
 '2x5',
 '2x7',
 'подтягивания'),

('уровень 10: подтягивания на одной руке',
 'Подпрыгните и схватитесь за перекладину своим сильнейшим хватом. Ноги не касаются пола и скрещены сзади. Нерабочая рука расположена так, как вам удобно (вы должны были решить это для себя при обучении на Уровне 8, полуподтягиваниям на одной руке). Рабочее плечо собрано, тело напряжено и готово к действию. Вы сейчас сделаете очень продвинутое силовое движение и это должно отражаться на вашем душевном спокойствии. Рабочая рука почти прямая, только лёгкий изгиб, чтобы снять напряжение с суставов. Сгибайте локоть и плечо, подтягивайтесь с как можно меньшим импульсом, пока подбородок не дойдёт до перекладины. Это конечная позиция. Задержитесь и медленно опускайтесь в стартовое положение. Сделайте паузу и повторите - если сможете!',
 '1x1',
 '2x3',
 '2x6',
 'подтягивания'),

('уровень 1: подтягивание коленей к груди',
 'Сядьте на край стула или кровати. Наклонитесь немного назад, держитесь за край сиденья своими руками, и выпрямите ноги. Ваши ноги должны быть вместе, пятки подняты на несколько сантиметров от пола. Это исходное положение. Плавно подтяните колени к груди, пока они не окажутся примерно в шести / десяти дюймах от нее. Выдохните, когда колени будут у груди. Это верхняя амплитуда движение, вы должны полностью выдохнуть и мышцы пресса должны быть полностью сокращены. Сделайте паузу для отсчета и сделайте реверсивное движение, вернитесь в исходное положение, ноги вытянуты. Вдохните. Ваши ноги должны двигаться по прямой линии вперед и назад, и не должны касаться пола, пока подход не завершен. Держите живот подтянутым все время. Не поддавайтесь желанию сделать повторения быстро. Как и во всех методах тренировки талии, если вам нужно, сделайте несколько дополнительных вдохов между повторениями.',
 '1x10',
 '2x25',
 '3x40',
 'пресс'),

('уровень 2: подъемы коленей из положения лежа',
 'Лягте на пол, оги вместе, руки по бокам. Согните колени под углом примерно 90 градусов, а от стоп до по 2-5 сантиметров. Упор руками в пол поможет держать корпус зафиксированным. Это начальное положение. Теперь медленно поднимайте колени над бёдрами, так что бёдра бт перпендикулярны полу, икры - параллельны. Колени должны образовывать прямой угол всё время, держите мышцы напряжёнными и медленно выдыхайте. Это конечное положение. Сделайте паузу и делайте всё то же самое в обратном порядке, в вдохе. Ни в одной точке движения ноги не касаются пола.',
 '1x10',
 '2x20',
 '3x35',
 'пресс'),

('уровень 3: подъемы согнутых ног из положения лежа',
 'Лягте на спину, ноги вместе и растянулся на полу. Ваши руки должны быть по бокам, а также в контакте с полом. Поднимите ноги, сгибая их в коленях примерно на сорок пять градусов от прямой линии. Ваши ноги должны быть на дюйм или два от пола. Это исходное положение. Положительная часть упражнения предполагает плавный подъем ног в течение одной-две секунды, пока ноги не станут прямо над тазом. Во время перемещения, угол колена не должен изменяться, они должны «заперты» в том же положении. Упор рук на пол поможет вам стабилизировать торс во всем движении. Делаем паузу в верхней части, перед обратным движением. Делаем паузу, находясь в исходном положении, прежде чем начать повторы. Делайте выдох при движении ног вверх, вдох - при движении вниз. Держите живот напряженным все время.Во время сета, ноги вообще не должны касаться пола.',
 '1x10',
 '2x15',
 '3x30',
 'пресс'),

('уровень 4: подъемы ног "Лягушка"',
 'Сделайте положительную часть Уровня 3, поднимите согнутую ногу, но вместо паузы в верхней части, выпрямите ноги в полной мере. Они должны быть идеально прямыми , и перпендикулярны полу, так, что ваши ноги и туловище образовывали прямой угол. Это конечное положение. Вы должны выдыхать на протяжении всех этих двух частей движения. В большинстве упражнений на живот, вы бы сейчас изменили направление движения, но не в этом упражнении. Ваши мышцы напрягаются при опускании под действием сопротивления (потому что сила тяжести помогает), и подъем методом лягушки использует этот факт . Опустите ноги, держа их идеально прямыми, на высоту на дюйм или два от пола. В большинстве упражнений вы должны затратить на подъем около двух секунд, чтобы подняться. и двух секунд, чтобы опустить ноги вниз. Но в этом упражнении надо отсчитывать четыре секунды вниз, чтобы дать вашему организму больше работы. Вдохните когда ваши ноги будут медленно спускаться. Повторить.',
 '1x8',
 '2x15',
 '3x25',
 'пресс'),

('уровень 5: подъемы прямых ног из положения лежа',
 'Лягте на пол лицом вверх. Ваши ноги должны быть вместе, ноги должны быть прямыми, а руки должны быть по бокам. Поднимите ноги на дюйм или два от пола. Нажатие вниз руками поможет вам сохранить ваше туловище стабильным. Это исходное положение. Теперь, сохраняя ваши ноги запертыми, поднимите ноги, пока они не будут прямо над вашим тазом. Выдыхайте во время подъема, держа живот напряженным. Это займет у вас не менее двух секунд плавно выполняйте это-не взрывное движение вверх. Ваши ноги и туловище образуют прямой угол в этой точке. Это финишное положение. Остановимся кратко, перед разворотом движения точно, вдыхая, когда идете вниз. Пауза снова в исходном положении и повтор. Ни в одной точке не позволяйте коленям разблокироваться и ваши пятки не должны касаться пола, пока сет не будет завершен.',
 '1x5',
 '2x10',
 '2x20',
 'пресс'),

('уровень 6: подтягивание коленей в висе',
 'Подпрыгните вверх и схватите над головой перекладину. Ваши руки должны быть на ширине плеч. Турник должен быть достаточно высоким, что ваши ноги хотя бы были над землей на один дюйм. Ваше тело должно быть в прямой линии, и вы должны держать ваши плечи «жестко». Это исходное положение. Поднимите свои колени мягко , пока они не встанут на одном уровне с тазом и ваши колени не образуют прямой угол. Ваши бедра должны быть параллельны полу. Выдыхайте во время этого движения, сохраняя ваш живот напряженным. Это финишное положение (рис. 73). Сделайте паузу на мгновение, и возвращайтесь обратно делая вдох пока ваше тело полностью повиснет. Повторить.',
 '1x5',
 '2x10',
 '2x15',
 'пресс'),

('уровень 7: подъемы согнутых ног в висе',
 'Схватите накладной турник , так что ваше тело находилось прямым, а ноги не касались земли. Ваши руки должны быть примерно на ширине плеч, плечи держите хорошо и плотно. Теперь согнитесь в коленях, пока ваши коленные суставы не станут под углом примерно на сорок пять градусов. Это позволит поставить ноги на несколько сантиметров сзади вашего висячего тела. Это исходное положение. Плавно поднимите ноги в бедрах, пока ваши ноги не станут напротив вашего таза. Это финишное положение. Пауза и обратное движения, потом повтор. Двигаться только бедрами, держа колени, держа угол «закрыто», на месте. Выдыхайте при подъеме ног, и вдыхайте при опускании. Держите пресс напряженным.',
 '1x5',
 '2x10',
 '2x15',
 'пресс'),

('уровень 8: подъемы ног в висе - "Лягушка"',
 'Предположим, что начальная позиция идентична Уровню 7, вися ,согнутую ногу поднимаем, и поднимите ноги так же, как для того же упражнения. Как только вы достигнете верхней позиции ног на одной линии с бедрами, раздвиньте ноги в линию непосредственно от вас, так, что бы ваши ноги стали абсолютно прямыми. Это позволит поставить ваши ноги запертыми на уровне пола, а верхнюю и нижнюю части тела под прямым углом. Сделайте паузу на мгновение, но не делайте обратное движение. Вместо этого, опустите ноги, держа их взаперти из совершенно прямых. Возвратитесь с полностью выдвинутыми ногами до достижения исходного положения, и снова повторите требуемое количество раз. Выдыхайте при подъеме ноги, и вдыхайте при движении вниз, и держите живот напряженным все время.',
 '1x5',
 '2x10',
 '2x15',
 'пресс'),

('уровень 9: неполные подъемы прямых ног в висе',
 'Повисните на перекладине, своим телом по прямой, а ноги от пола. Напрягите плечи. Поднимите заблокированные ноги , пока они не будет под углом в сорок пять градусов, и удерживайте их. Это исходное положение. Поддерживайте ваши колени прямыми, плавно поднимите ноги, пока они не станут параллельны полу. Это финишное положение. Перед опусканием ног, сделайте паузу на мгновение, и опускайте ноги обратно в сорок пять градусов. Повторите. Выдыхайте когда ваши ноги двигаются вверх, вдохните, когда они двигаются вниз. Держите мышцы живота напряженными.',
 '1x5',
 '2x10',
 '2x15',
 'пресс'),

('уровень 10: подъемы прямых ног в висе',
 'Вы знаете, что за упражнение будет сейчас! Возьмитесь за перекладину, которая является достаточно высокой, чтобы оставить ноги на небольшом расстоянии от пола, когда ваше тело виснет. Ваши руки должны быть приблизительно на ширине плеч. Убедитесь, что плечи напряжены. Это исходное положение. Плавно-в течение не менее двух секунд, поднимите ноги, пока они не будут параллельны полу. Выдыхайте пока ваши ноги поднимаются, выдыхайте весь, как можно, воздух из легких, так что живот полностью сократится. Это финишное положение. Пауза, перед разворотом движения, по крайней мере еще две секунды, потом вы возвращаетесь в исходное положение, делая вдох. Сохраните согнутым даже в исходном положении. Ваше ноги должны оставаться заблокированы все время, и вы должны делать чисто мышечное управление, не допускать импульс.',
 '1x5',
 '2x25',
 '2x30',
 'пресс'),

('уровень 1: мостик от плеч',
 'Ляг на спину, протяни ноги и скрести руки на животе в районе желудка. Подтяни стопы сгибая колени, пока голени не станут практически перепендикулярны земле, а стопы будут упёрты в пол. Стопы должны быть примерно на ширине плеч или немного меньше, в зависимости от твоего тела. Твои пятки будут примерно на расстоянии от 15 до 20 сантиметров от ягодиц. Это начальная позиция. Отжимаясь ступнями поднимай бёдра и спину от земли пока вес тела не окажется удерживаемым только плечами и стопами. В этой точке твои бёдра, таз и торс должны составлять прямую линию без провисания задницы. Это оконечная позиция. Задержись в верхней позиции на секунду перед изменением направления движения, опусти тело назад в начальную позицию. Повторяй упражнение заданное число раз, выдыхая в момент подъёма, вдыхая по пути вниз.',
 '1x10',
 '2x25',
 '3x50',
 'мостик'),

('уровень 2: прямой мостик',
 'Сядь на землю с вытянутыми вперёд ногами. Колени должны быть выпрямлены, а стопы расставлены примерно на ширину плеч. Положи ладони на пол по сторонам бёдер, пальцы смотрят в сторону носков ног. Сиди прямо. Твоё тело теперь имеет форму прямого угла и торс перпендикулярен ногам. Это начальная позиция. Упираясь руками в пол, напрягай руки одновременно с подъёмом таза вверх пока ноги и торс не составят прямую линию. Подними подбородок вверх и смотри прямо в потолок. В этой точке вес тела будет распределяться между ладонями и пятками. Это конечная позиция. Задержись на секунду перед изменением направления движения и повторяй сколько нужно. Выдыхай при подъёме вверх, вдыхай когда опускаешься вниз.',
 '1x10',
 '2x20',
 '3x40',
 'мостик'),

('уровень 3: мостик из обратного наклона',
 'Мосты под углом требуют какой-нибудь объект высотой примерно по колено или немного выше. В тюрьме шконка подходит идеально. Средняя кровать в Американском доме чуть повыше, но ещё подходящая для наших целей. Сядь на край шконки или кровати и ложись на спину упираясь ногами в пол. Ноги должны быть примерно на ширине плеч. Сдвинься немного вперёд так чтобы таз был на весу за шконкой и положи руки с каждой стороны своей головы пальцами в сторону стоп. Это начальная позиция. Отжимайся руками, выпрямляй локти и поднимай таз вверх, прогибаясь в спине во время движения. Продолжай плавно отжиматься так далеко, как только можешь, по крайней мере пока голова и тело полностью не поднимутся над шконкой. Руки не обязательно полностью выпрямлять, локти будут согнуты. Ты сможешь подняться вверх только на несколько сантиметров. Это нормально. Запрокинь голову назад волевым усилием так, чтобы ты мог видеть стену позади себя. Это конечная позиция. Поменяй направление движения, снижаясь пока торс и голова опять полностью не поместятся на шконку. Повторяй сколько надо, дыши естественно.',
 '1x8',
 '2x15',
 '3x30',
 'мостик'),

('уровень 4: мостик из упора на голову',
 'Ляг спиной на пол. Пододвинь стопы сгибая колени пока пятки не окажутся примерно на расстоянии от 15 до 20 сантиметров от ягодиц. Стопы могут быть примерно на ширине плеч или немножко уже. Положи руки по сторонам головы ладонями на пол с пальцами направленными в сторону ног. Локти должны быть согнуты и смотреть в потолок в этой точке. Теперь отжимайся поднимая таз так высоко, как сможешь, отрывая тело от пола. Продолжай отжиматься руками и ногами пока спина хорошо не прогнётся в дугу при поднятых вверх бёдрах. Голова должна быть запрокинута назад и макушка должна смотреть прямо в пол. Вот это статический мост. Займи эту позу на мгновение перед тем как согнуть руки и ноги до лёгкого касания макушкой пола. Это начальное положение. Сделай короткую паузу перед тем как отжаться назад в мост, это конечная позиция. Продвигайся осторожно, так чтобы не удариться головой. Удерживай спину глубоко прогнутой на протяжении всего упражнения, дыши настолько естественно насколько возможно всё время. Когда закончишь выполнять все повторения, плавно опускай свои плечи, спину и бёдра на пол.',
 '1x8',
 '2x15',
 '2x25',
 'мостик'),

('уровень 5: полумостик',
 'Это упраженние потребует баскетбольный или футбольный мяч для контроля своего положения. Сядь на пол, положи мяч на землю сразу за собой. Ложись назад так чтобы только плечи и стопы были на полу. Стопы должны стоять приблизительно на ширине плеч или чуть ближе, и поясница должна лежать на мяче. Если тебе покажется некомфортно в этой позе, положи сложенное полотенце или пуфик поверх мяча перед тем как начать. Помести руки по сторонам головы, ладонями на пол, пальцами в направлении стоп. Теперь отжимайся руками, выжимая плечи и голову от пола, так что только подошвы стоп, мяч и ладони будут удерживать вес тела. Это будет начальная позиция. Из этого положения толкай бёдра так высоко, как можешь, выпрямляя руки ноги и поднимая спину вверх пока она не оторвётся от мяча. Продолжай двигаться пока спина не будет полностью прогнутой. Это конечное положение. Замри на секунду вверху перед тем как начать медленно снижаться в начальное положение. После начала подхода опускайся только до лёгкого касания мяча поясницей - не перекладывай свой вес на него. Повторяй сохраняя дыхание настолько естественным, насколько сможешь.',
 '1x8',
 '2x15',
 '2x20',
 'мостик'),

('уровень 6: полный мостик',
 'Ляг на спину. Подтяни ноги к себе сгибая их в коленях пока пятки не будут на расстоянии от 15 до 20 см от ягодиц. Стопы должны быть на ширине плеч или немного уже. Помести руки по сторонам головы, ладони поставь на пол пальцами к стопам. Локти должны смотреть прямо в потолок в этой позе. Это начальная позиция. Теперь толкай бёдра так высоко как можешь, поднимая тело от пола. Продолжай отжиматься руками и ногами пока спина хорошо не прогнётся, а бёдра не будут наверху. В великолепном мосте твои руки будут полностью выпрямленными. Наклони голову назад так чтобы видеть стену позади себя. Это конечная позиция. Замри в этой верхней позиции на секунду перед тем как поменять направление движения. Управляй своим спуском - ты получишь больше пользы от упражнения если будешь опускаться плавно, чем если просто рухнешь. Продолжай движение назад пока бёдра, спина и голова не лягут на пол снова. Эта последовательность составляет один повтор. Отожмись вверх снова столько повторов сколько запланировал и дыши естественно при этом.',
 '1x6',
 '2x10',
 '2x15',
 'мостик'),

('уровень 7: мостик по стенке вниз',
 'Встань примерно на расстоянии вытянутой руки от стены. Если ты сомневаешься в выборе расстояния, лучше встань поближе к стене, чем дальше от неё - ты сможешь таким образом увеличить свою безопасность. Твои стопы должны быть примерно на ширине плеч. Толкай бёдра вперёд и начинай прогибаться назад. Задери подбородок, наклоняя голову назад так, как удобно. Продолжай плавно прогибать спину пока не увидишь стену позади себя. Как только увидишь стену, подними руки вверх и положи ладони на стену пальцами вниз на уровне головы. Это начальное положение. Перенеси часть веса тела от рук и опусти одну руку ниже на несколько сантиметров и безопасно упрись ею в стену снова. Теперь действуй также другой рукой, опуская её ещё дальне по стене. Удерживай прогиб назад по мере «прогулки» вниз по стене руками. По мере продвижения вниз тебе понадобится слегка отодвигаться от стены соответственно изгибу тела. Выполняй это с помощью мини-шажков вперёд каждый раз как почувствуешь необходимость. Продолжай чередовать движения пока двигаешься от стены. Когда всё получится поставь ладони на пол. В этом положении у тебя будет полный мост по направлению к стене. Это нижняя позиция. Отсюда просто опустись назад на пол и встань. Вернись в начальную позицию и прогуляйся вниз опять. Дыши равномерно по мере движения.',
 '1x3',
 '2x6',
 '2x10',
 'мостик'),

('уровень 8: мостик по стенке вверх',
 'Эта ступень начинается когда ты стоишь не касаясь перед стеной спиной к ней. Из этой позиции, приними начальную позицию которую выучил когда спускался вниз, прогибайся назад с поднятыми руками пока не соприкоснёшься со стеной. Затем спускайся вниз по стене как описано на Ступени 7, пока ты не окажешься в полном мосте у стены. Теперь пришло время вернуться назад. Это выполняется сменой направления движения. Помести одну ладонь снова на стену, опирайся на неё. Затем помести другую ладонь над ней. Этот переход в котором ладони переходят от пола назад на стену является самой трудной частью всей техники. Теперь просто последовательно помещай ладони одна выше другой пока поднимаешься по стене. По мере выпрямления тела тебе возможно понадобится делать мини-шажки по направлению к стене чтобы удерживать здоровое давление на ладони. Продолжай подниматься вверх пока практически не выпрямишься. Из этого положения оттолкнись осторожно от стены пока не встанешь полностью прямо перед ней. Этот цикл - принятие стойки, спуск по стене вниз, подъём вверх и принятие снова прямого положения составляет одно отдельное повторение этого упражнения.',
 '1x2',
 '2x4',
 '2x8',
 'мостик'),

('уровень 9: неполный мостик из положения стоя',
 'Встань прямо с ногами расставленными примерно на ширине плеч. Пространство позади тебя должно быть свободным от предметов по меньшей мере на расстояние твоего роста. Это начальная позиция. Помести руки на бёдра и начинай толкать свой таз вперёд. Когда твой таз будет настолько выдвинут вперёд, насколько возможно, начинай сгибать колени одновременно прогибаясь в спине назад. Запрокинь голову назад и смотри позади себя как ты движешься. Это должно быть одно единое плавное движение. Продолжай прогибаться пока не сможешь разглядеть землю на расстоянии меньше метра позади себя. Как только увидишь пол, снимай руки с бёдер и посылай их назад за голову. Эта подвижная позиция требует значительной гибкости, но ты обнаружишь что смещение бёдер вперёд в сочетании со сгибанием в коленях не дадут упасть назад. Вытягивай свои руки по мере продолжения движения пока ладони не упрутся в пол. Это конечная позиция, удержание полного моста. Из этой позы, сгибай руки и ноги пока спина не окажется на полу. Теперь встань в начальную позицию снова для начала второго повторения. Дыши естественно в течение всего подхода.',
 '1x1',
 '2x3',
 '2x6',
 'мостик'),

('уровень 10: полный мостик из положения стоя',
 'Встань прямо и выполни закрытый мост (Уровень 9) до удержания полного моста. Из этой позы перемести свой вес вперёд через ягодицы и сгибай колени по мере выпрямления рук. Продолжай последовательно смещать свой вес вперёд отталкиваясь в это время руками и под конец пальцами, поднимая ладони с пола. В этой точке, при условии что твоя спина достаточно гибка для поддержания высокой дуги и твой живот достаточно мощен, твои пальцы оторвутся от земли так как ты начнёшь выпрямляться и подниматься вверх. Это восходящее движение должно быть следствием плавного перемещения веса тела вперёд, а не результатом резкого отталкивания от пола руками. Продолжай движение подтягивая свои руки из-за головы над плечами и сгибая шею вверх выпрямляя её вместе с телом. В заключение подтягивай бёдра внутрь пока ты не встанешь прямо с руками по бокам. Это конечная позиция. Перемещение из прямого положения вниз в удержание полного моста, затем распрямление снова в стартовое прямое положение составляет одно полное повторение. Повтори упражнение, дыхание естественное.',
 '1x1',
 '2x3',
 '2x10-30',
 'мостик'),

('уровень 1: стойка на голове у стены',
 'Найди ровную стену. Положи подушку или сложенное полотенце у основания стены. Это для твоей головы. Обопрись на руки и колени положи голову на подушку. Голова должна быть на расстоянии от шести до десяти дюймов от стены. Упрись ладонями в пол по обе стороны головы на ширине плеч. Поднеси одну ногу, согнутую в колене к локтю, вторую ногу выпрями, так чтобы колено не касалось земли. Теперь оттолкнись выпрямленной ногой от пола одновременно поднимай обе ноги в направлении стены. После того как ты «нашёл» стену, медленно выпрями ноги, выровняй тело. Закрой рот, дыши носом. Спустя положенное время согни ноги в коленях и контролируемым движением опусти их вниз.',
 '1x30сек',
 '1x1мин',
 '1x2мин',
 'стойка'),

('уровень 2: стойка "Ворон"',
 'Сядь на корточки, колени врозь. Положи ладони на пол перед собой примерно на расстоянии ширины плеч. Немного согни руки в локтях. Наклонись немного вперед, прижав колени к рукам выше локтей. Продолжай наклоняться вперед, перенося вес тела с ног на руки. В конце концов, точка равновесия сместится, и твои ноги оторвутся от земли. Подними ноги, подожми их и удерживай равновесие в течение необходимого времени, дыши ровно. Закончив упражнение , выполни обратное движение, отклоняясь назад пока ноги не коснуться пола.',
 '1x10сек',
 '1x30сек',
 '1x1мин',
 'стойка'),

('уровень 3: стойка на руках у стены',
 'Подойди к ровной стене. Помести ладони на пол, на расстоянии от шести до десяти дюймов от основания стены. Руки полностью выпрямлены или чуть согнуты в локтях. Согните ноги в коленях, перенесите вес тела на ноги. Согните ногу в колене и поднесите её к соответствующему локтю, оттолкнитесь другой ногой, поднимите вверх обе ноги одновременно. Руки держи выпрямленными. Пятки обеих ног должны коснуться стены одновременно. Первоначально твоя спина и задница могут ударяться об стену, т.к. ты толкаешься слишком сильно, но со временем ты отлично овладеешь искусством нахождения стены. Руки должны быть выпрямлены, тело образует у стены небольшую арку. Это позиция является стойкой на руках у стены. Находись в этом положении необходимое количество времени, дыши нормально.',
 '1x30сек',
 '1x1мин',
 '1x2мин',
 'стойка'),

('уровень 4: неполные отжимания в стойке на руках у стены',
 'Подойди к ровной стене. Помести ладони на пол, на расстоянии от шести до десяти дюймов от основания стены, примерно на ширине плеч. Поднимись в стойку на руках у стены (Уровень 3). Теперь ты в классической стойке на руках у стены, торс напряжен, руки прямые, тело по кривой отклонено назад к точке где пятки надежно контактируют с стеной. Это начальное положения для частичных отжиманий в стойке на руках. Теперь согни руки в локтях, опустись вниз, пока макушка головы не окажется на полпути к земле. Это конечная позиция. Задержись в ней ненадолго, потом вернись в исходное положение. Полная амплитуда движения в этом упражнении составляет около шести дюймов, первоначально не опускайся слишком низко.Дыши ровно.',
 '1x5',
 '2x10',
 '2x20',
 'стойка'),

('уровень 5: отжимания в стойке на руках у стены',
 'Подойди к ровной стене, помести ладони на пол, на расстоянии от шести до десяти дюймов от основания стены, примерно на ширине плеч. Согни ноги в коленях и выйди в стойку на руках у стены. Если ты хорошо поработал в предыдущих шагах, то теперь ты эксперт в этом. Если ты разработал свою технику выхода в стойку, это нормально, т.к. это не художественная гимнастика, а способ нарастить мясо, важно упражнение, а не способ каким ты занимаешь исходное положение. Как только ты нашёл стену, контактируй с ней пятками, сохраняя прогиб. Руки должны быть выпрямлены. Это исходное положение. Сгибай руки в локтях, пока голова не коснётся пола. Это конечное положение. Используй «поцелуй ребенка» для защиты твоей головы. Задержись в нижней точке на секунду, прежде чем вернутся в исходное положение. Используй мышечный контроль и концентрацию, для безопасности, во время обратного движения. По возможности дыши ровно и плавно.',
 '1x5',
 '2x10',
 '2x15',
 'стойка'),

('уровень 6: узкие отжимания в стойке на руках у стены',
 'Подойди к ровной стене, помести ладони на пол, на расстоянии от шести до десяти дюймов от основания стены. Указательные пальцы рук касаются друг друга. Выйди в стойку на руках, руки прямые, тело слегка изогнуто, пятки касаются стены. Это исходное положение. Сгибай руки в локтях и опускайся вниз, пока голова легко не коснется пола, во время движения локти направлены вперед. Ненадолго задержись внизу, прежде чем вернуться в исходное положение.',
 '1x5',
 '2x9',
 '2x12',
 'стойка'),

('уровень 7: разновысокие отжимания в стойке на руках у стены',
 'Помести баскетбольный мяч у основания стены, выйди в стойку на руках рядом с мячом, используя обычную технику, затем помести одну из ладоней на мяч. Легко сказать, но трудно сделать, тебе потребуется перенести вес тела на одну руку на пару секунд или больше, если потребуется найти мяч. Как только ладонь устойчиво ляжет на мяч, перемести его так, чтобы руки были на ширине плеч. Рука, упирающаяся в пол, выпрямлена, рука, лежащая на мяче, согнута. Распредели вес равномерно на обе руки, дыши ровно. Твои бицепсы, трицепсы и плечи должны тяжело работать иначе ты можешь потерять контроль над мячом и рухнуть. Это исходное положение. Теперь сгибай руки в локтях, пока голова мягко не коснется пола. Это конечное положение. Пауза, возвращение в исходное положение.',
 '1x5',
 '2x8',
 '2x10',
 'стойка'),

('уровень 8: неполные отжимания в стойке на одной руке',
 'Выйди в стойку на руках у стены. Тело немного изогнуто, пятки касаются стены. Ладони на полу, на расстоянии от шести до десяти дюймов от основания стены, примерно на ширине плеч. Руки выпрямлены. Постепенно переноси вес с одной ладони, центр тяжести начнет смещаться на другую сторону тела. Это позволит перенести больше веса на другую ладонь. Продолжай делать это, пока опора, но одну из ладоней не станет минимальной. Теперь полностью оторви ладонь от пола, отведи руку в сторону для равновесия. Теперь ты удерживаешь себя на одной руке. Это исходное положение. Сгибай в локте опорную руку, пока голова не окажется на полпути к полу. Это конечное положение. Пауза и отжимайся вверх.',
 '1x4',
 '2x6',
 '2x8',
 'стойка'),

('уровень 9: отжимания в стойке на одной руке с поддержкой',
 'Выйди в стойку на руках у стены. Как обычно, ладони на ширине плеч, расстояние между ними и стеной от шести до десяти дюймов, пятки касаются стены. Тело образует небольшую арку, примыкающую к стене. Как и в шаге 8 перенеси большую часть веса (около 90%) на одну руку. Освободившуюся руку поверни и положи тыльной стороной ладони на пол, пальцы направлены вперед. Выпрями руку перед собой, во время движения ладонь все время касается пола. Часть веса по-прежнему приходиться и на эту руку. Это исходное положение. Сохраняя положение руки лежащей на полу тыльной стороной ладони, начинай сгибать другую руку, полностью контролируя движение, не позволяй себе упасть вниз, т.к. это может привести к травме головы и шеи. Коснувшись пола макушкой, выдержи паузу. Это конечная позиция. Теперь возвращайся в исходное положение толкаясь обеими руками.',
 '1x3',
 '2x4',
 '2x6',
 'стойка'),

('уровень 10: отжимания в стойке на одной руке',
 'Выйди в стойку на руках у стены, перемести вес тела на одну руку, как и в ½ отжимания в стойке на руках (Уровень 8). Тело немного изогнуто пятки касаются стены. Это исходное положение. Сгибай опорную руку до тех пор, пока макушка головы слегка не коснется пола. Свободную руку держи наготове, чтобы помочь ей себе в случае ошибки. Это конечное положение. Для возвращения в исходное положение может понадобиться взрывное усилие. Можно дрыгать ногами для облегчения выхода из нижней позиции. Согни ноги в коленях и резко выпрями их, создавая импульс (во время этого движения пятки касаются стены).',
 '1x1',
 '2x2',
 '2x5',
 'стойка');

INSERT INTO photo(filepath, pk_level)
VALUES
('push-ups/1_level1.png', 'уровень 1: отжимания от стены'),
('push-ups/2_level1.png', 'уровень 1: отжимания от стены'),
('push-ups/1_level2.png', 'уровень 2: отжимания в наклоне'),
('push-ups/2_level2.png', 'уровень 2: отжимания в наклоне'),
('push-ups/1_level3.png', 'уровень 3: отжимания на коленях'),
('push-ups/2_level3.png', 'уровень 3: отжимания на коленях'),
('push-ups/1_level4.png', 'уровень 4: неполные отжимания'),
('push-ups/2_level4.png', 'уровень 4: неполные отжимания'),
('push-ups/1_level5.png', 'уровень 5: полные отжимания'),
('push-ups/2_level5.png', 'уровень 5: полные отжимания'),
('push-ups/1_level6.png', 'уровень 6: узкие отжимания'),
('push-ups/2_level6.png', 'уровень 6: узкие отжимания'),
('push-ups/1_level7.png', 'уровень 7: разновысокие отжимания'),
('push-ups/2_level7.png', 'уровень 7: разновысокие отжимания'),
('push-ups/1_level8.png', 'уровень 8: неполные отжимания на одной руке'),
('push-ups/2_level8.png', 'уровень 8: неполные отжимания на одной руке'),
('push-ups/1_level9.png', 'уровень 9: отжимания на одной руке с поддержкой'),
('push-ups/2_level9.png', 'уровень 9: отжимания на одной руке с поддержкой'),
('push-ups/1_level10.png', 'уровень 10: отжимания на одной руке'),
('push-ups/2_level10.png', 'уровень 10: отжимания на одной руке'),


('squats/1_level1.png', 'уровень 1: приседания в стойке на плечах'),
('squats/2_level1.png', 'уровень 1: приседания в стойке на плечах'),
('squats/1_level2.png', 'уровень 2: приседания "Складной нож"'),
('squats/2_level2.png', 'уровень 2: приседания "Складной нож"'),
('squats/1_level3.png', 'уровень 3: приседания с поддержкой'),
('squats/2_level3.png', 'уровень 3: приседания с поддержкой'),
('squats/1_level4.png', 'уровень 4: неполные приседания'),
('squats/2_level4.png', 'уровень 4: неполные приседания'),
('squats/1_level5.png', 'уровень 5: полные приседания'),
('squats/2_level5.png', 'уровень 5: полные приседания'),
('squats/1_level6.png', 'уровень 6: узкие приседания'),
('squats/2_level6.png', 'уровень 6: узкие приседания'),
('squats/1_level7.png', 'уровень 7: разновысокие приседания'),
('squats/2_level7.png', 'уровень 7: разновысокие приседания'),
('squats/1_level8.png', 'уровень 8: неполные приседания на одной ноге'),
('squats/2_level8.png', 'уровень 8: неполные приседания на одной ноге'),
('squats/1_level9.png', 'уровень 9: приседания на одной ноге с поддержкой'),
('squats/2_level9.png', 'уровень 9: приседания на одной ноге с поддержкой'),
('squats/1_level10.png', 'уровень 10: приседания на одной ноге'),
('squats/2_level10.png', 'уровень 10: приседания на одной ноге'),


('pull-ups/1_level1.png', 'уровень 1: вертикальные подтягивания'),
('pull-ups/1_level2.png', 'уровень 2: горизонтальные подтягивания'),
('pull-ups/1_level3.png', 'уровень 3: подтягивания "Складной нож"'),
('pull-ups/1_level4.png', 'уровень 4: неполные подтягивания'),
('pull-ups/1_level5.png', 'уровень 5: полные подтягивания'),
('pull-ups/2_level5.png', 'уровень 5: полные подтягивания'),
('pull-ups/1_level6.png', 'уровень 6: узкие подтягивания'),
('pull-ups/1_level7.png', 'уровень 7: разновысокие подтягивания'),
('pull-ups/1_level8.png', 'уровень 8: неполные подтягивания на одной руке'),
('pull-ups/2_level8.png', 'уровень 8: неполные подтягивания на одной руке'),
('pull-ups/1_level9.png', 'уровень 9: подтягивания на одной руке с поддержкой'),
('pull-ups/2_level10.png', 'уровень 10: подтягивания на одной руке'),


('press/1_level1.png', 'уровень 1: подтягивание коленей к груди'),
('press/2_level1.png', 'уровень 1: подтягивание коленей к груди'),
('press/1_level2.png', 'уровень 2: подъемы коленей из положения лежа'),
('press/1_level3.png', 'уровень 3: подъемы согнутых ног из положения лежа'),
('press/1_level4.png', 'уровень 4: подъемы ног "Лягушка"'),
('press/2_level4.png', 'уровень 4: подъемы ног "Лягушка"'),
('press/3_level4.png', 'уровень 4: подъемы ног "Лягушка"'),
('press/1_level5.png', 'уровень 5: подъемы прямых ног из положения лежа'),
('press/1_level6.png', 'уровень 6: подтягивание коленей в висе'),
('press/1_level7.png', 'уровень 7: подъемы согнутых ног в висе'),
('press/1_level8.png', 'уровень 8: подъемы ног в висе - "Лягушка"'),
('press/1_level9.png', 'уровень 9: неполные подъемы прямых ног в висе'),
('press/1_level10.png', 'уровень 10: подъемы прямых ног в висе'),
('press/2_level10.png', 'уровень 10: подъемы прямых ног в висе'),


('bridge/1_level1.png', 'уровень 1: мостик от плеч'),
('bridge/1_level2.png', 'уровень 2: прямой мостик'),
('bridge/1_level3.png', 'уровень 3: мостик из обратного наклона'),
('bridge/1_level4.png', 'уровень 4: мостик из упора на голову'),
('bridge/1_level5.png', 'уровень 5: полумостик'),
('bridge/1_level6.png', 'уровень 6: полный мостик'),
('bridge/1_level7.png', 'уровень 7: мостик по стенке вниз'),
('bridge/1_level8.png', 'уровень 8: мостик по стенке вверх'),
('bridge/1_level9.png', 'уровень 9: неполный мостик из положения стоя'),
('bridge/1_level10.png', 'уровень 10: полный мостик из положения стоя'),


('handstand/1_level1.png', 'уровень 1: стойка на голове у стены'),
('handstand/2_level1.png', 'уровень 1: стойка на голове у стены'),
('handstand/1_level2.png', 'уровень 2: стойка "Ворон"'),
('handstand/2_level2.png', 'уровень 2: стойка "Ворон"'),
('handstand/1_level3.png', 'уровень 3: стойка на руках у стены'),
('handstand/1_level4.png', 'уровень 4: неполные отжимания в стойке на руках у стены'),
('handstand/1_level5.png', 'уровень 5: отжимания в стойке на руках у стены'),
('handstand/1_level6.png', 'уровень 6: узкие отжимания в стойке на руках у стены'),
('handstand/1_level7.png', 'уровень 7: разновысокие отжимания в стойке на руках у стены'),
('handstand/1_level8.png', 'уровень 8: неполные отжимания в стойке на одной руке'),
('handstand/1_level9.png', 'уровень 9: отжимания в стойке на одной руке с поддержкой'),
('handstand/1_level10.png', 'уровень 10: отжимания в стойке на одной руке');